id,name,rating,review_count,price,phone,latitude,longitude,city,state,zip_code,address,categories,url,categories_list,top_category
KgwygskE1jmpQtjQxEX-Kw,Red Oak Kitchen,4.2,245,$$,(432) 248-0101,31.9122898,-102.2958118,Odessa,TX,79765,"7260 E State Hwy 191 Ste 200 Odessa, TX 79765","New American,Bars",https://www.yelp.com/biz/red-oak-kitchen-odessa?adjust_creative=hnFUw3NBo1Aiff5RjJN46g&utm_campaign=yelp_api_v3&utm_medium=api_v3_business_search&utm_source=hnFUw3NBo1Aiff5RjJN46g,"['New American', 'Bars']",New American
64M3w9TkesDKu5fn_EMylA,Curb Side Bistro,4.4,186,$$,(432) 272-0959,31.880709271808,-102.384301389025,Odessa,TX,79762,"3816 Andrews Hwy Odessa, TX 79762","New American,Comfort Food",https://www.yelp.com/biz/curb-side-bistro-odessa-2?adjust_creative=hnFUw3NBo1Aiff5RjJN46g&utm_campaign=yelp_api_v3&utm_medium=api_v3_business_search&utm_source=hnFUw3NBo1Aiff5RjJN46g,"['New American', 'Comfort Food']",New American
gOZMxpZSn_8MOkDqG2-eKw,Flair Taverna,4.2,108,,(432) 653-5154,31.879857,-102.330436,Odessa,TX,79761,"2701 John Ben Shepperd Pkwy Odessa, TX 79761",Italian,https://www.yelp.com/biz/flair-taverna-odessa?adjust_creative=hnFUw3NBo1Aiff5RjJN46g&utm_campaign=yelp_api_v3&utm_medium=api_v3_business_search&utm_source=hnFUw3NBo1Aiff5RjJN46g,['Italian'],Italian
8g9Nma29GHKShkdCxS42vA,Cork & Pig Tavern,4.1,600,$$,(432) 272-4569,31.9103459908978,-102.29795153311576,Odessa,TX,79765,"7260 E Hwy 191 Ste 204 Odessa, TX 79765","New American,Wine Bars,Cocktail Bars",https://www.yelp.com/biz/cork-and-pig-tavern-odessa?adjust_creative=hnFUw3NBo1Aiff5RjJN46g&utm_campaign=yelp_api_v3&utm_medium=api_v3_business_search&utm_source=hnFUw3NBo1Aiff5RjJN46g,"['New American', 'Wine Bars', 'Cocktail Bars']",New American
7vCOj2WcGdGQBNu_9oUv-w,Mamasita's Mexican Grill,4.1,137,$$,(432) 362-7474,31.885632426207614,-102.33898997668672,Odessa,TX,79762,"4214 Maple Ave Odessa, TX 79762",Mexican,https://www.yelp.com/biz/mamasitas-mexican-grill-odessa?adjust_creative=hnFUw3NBo1Aiff5RjJN46g&utm_campaign=yelp_api_v3&utm_medium=api_v3_business_search&utm_source=hnFUw3NBo1Aiff5RjJN46g,['Mexican'],Mexican
zH2rcK1kr43MVRBaL4ZERQ,The Cowboys Palace,3.6,18,,(432) 444-2717,31.894972,-102.339053,Odessa,TX,79762,"4101 E 42nd St Ste 121 Odessa, TX 79762","Diners,Breakfast & Brunch,Salad",https://www.yelp.com/biz/the-cowboys-palace-no-title?adjust_creative=hnFUw3NBo1Aiff5RjJN46g&utm_campaign=yelp_api_v3&utm_medium=api_v3_business_search&utm_source=hnFUw3NBo1Aiff5RjJN46g,"['Diners', 'Breakfast & Brunch', 'Salad']",Diners
9CQwylOhxdvSxeUhMFZEVg,Benito’s Italian Cafe & Pizzeria,4.3,86,,(432) 614-4754,31.8533891,-102.31971451481448,Odessa,TX,79766,"2901 E Interstate 20 Odessa, TX 79766","Italian,Pizza,Salad",https://www.yelp.com/biz/benito-s-italian-cafe-and-pizzeria-odessa?adjust_creative=hnFUw3NBo1Aiff5RjJN46g&utm_campaign=yelp_api_v3&utm_medium=api_v3_business_search&utm_source=hnFUw3NBo1Aiff5RjJN46g,"['Italian', 'Pizza', 'Salad']",Italian
QAQpN-A-j5g9VI6o72X6XA,F1 Bar & Grill Odessa,3.9,25,,(432) 282-0410,31.905232,-102.29938,Odessa,TX,79765,"7050 Tres Hermanas Blvd Odessa, TX 79765","American,Breakfast & Brunch,Cocktail Bars",https://www.yelp.com/biz/f1-bar-and-grill-odessa?adjust_creative=hnFUw3NBo1Aiff5RjJN46g&utm_campaign=yelp_api_v3&utm_medium=api_v3_business_search&utm_source=hnFUw3NBo1Aiff5RjJN46g,"['American', 'Breakfast & Brunch', 'Cocktail Bars']",American
tEX7-Ea38ENQlWtxUXVCbA,The Legendary Barn Door Steakhouse,3.3,265,$$,(432) 337-4142,31.864789396248906,-102.37881456230238,Odessa,TX,79761,"2140 Andrews Hwy Odessa, TX 79761","Steakhouses,Seafood",https://www.yelp.com/biz/the-legendary-barn-door-steakhouse-odessa-5?adjust_creative=hnFUw3NBo1Aiff5RjJN46g&utm_campaign=yelp_api_v3&utm_medium=api_v3_business_search&utm_source=hnFUw3NBo1Aiff5RjJN46g,"['Steakhouses', 'Seafood']",Steakhouses
j93I0Jqe1sMFE_QPnkwtUw,Wall Street Cocina - Odessa,4.8,5,,(432) 614-6136,31.89614535949764,-102.33844697794991,Odessa,TX,79762,"4101 E 42nd St Ste L4 Music City Mall Odessa, TX 79762",Mexican,https://www.yelp.com/biz/wall-street-cocina-odessa-odessa-2?adjust_creative=hnFUw3NBo1Aiff5RjJN46g&utm_campaign=yelp_api_v3&utm_medium=api_v3_business_search&utm_source=hnFUw3NBo1Aiff5RjJN46g,['Mexican'],Mexican
boVWhYsBjWjc8sae8iI4cw,Brantley Creek Barbecue ,4.0,59,,(432) 275-0037,31.90636097378723,-102.28486080910236,Odessa,TX,79765,"3541 Faudree Rd Odessa, TX 79765","Barbeque,Burgers,American",https://www.yelp.com/biz/brantley-creek-barbecue-odessa?adjust_creative=hnFUw3NBo1Aiff5RjJN46g&utm_campaign=yelp_api_v3&utm_medium=api_v3_business_search&utm_source=hnFUw3NBo1Aiff5RjJN46g,"['Barbeque', 'Burgers', 'American']",Barbeque
GdKY6k0xfAEF551vj_n-dA,Fun Noodle Bar,4.0,123,$$,(432) 307-1238,31.8772269,-102.3464323,Odessa,TX,79762,"2738 N Grandview Ave Odessa, TX 79762","Ramen,Asian Fusion,Chinese",https://www.yelp.com/biz/fun-noodle-bar-odessa?adjust_creative=hnFUw3NBo1Aiff5RjJN46g&utm_campaign=yelp_api_v3&utm_medium=api_v3_business_search&utm_source=hnFUw3NBo1Aiff5RjJN46g,"['Ramen', 'Asian Fusion', 'Chinese']",Ramen
3yuLDV4n5iDDABA4Rx5qmw,El Sitio 4110,4.3,11,,(432) 246-5122,31.91734802931194,-102.2890867,Odessa,TX,79765,"4110 Faudree Rd Odessa, TX 79765","Breakfast & Brunch,Cocktail Bars,New Mexican Cuisine",https://www.yelp.com/biz/el-sitio-4110-odessa?adjust_creative=hnFUw3NBo1Aiff5RjJN46g&utm_campaign=yelp_api_v3&utm_medium=api_v3_business_search&utm_source=hnFUw3NBo1Aiff5RjJN46g,"['Breakfast & Brunch', 'Cocktail Bars', 'New Mexican Cuisine']",Breakfast & Brunch
xu4CV8ENp2pHf5fChCH0FA,Vaqueros Over the Fire,4.6,8,,(432) 552-8381,31.85667823737403,-102.3939566018526,W Odessa,TX,79763,"2000 N County Rd W Odessa, TX 79763","Tacos,Breakfast & Brunch,Food Trucks",https://www.yelp.com/biz/vaqueros-over-the-fire-odessa?adjust_creative=hnFUw3NBo1Aiff5RjJN46g&utm_campaign=yelp_api_v3&utm_medium=api_v3_business_search&utm_source=hnFUw3NBo1Aiff5RjJN46g,"['Tacos', 'Breakfast & Brunch', 'Food Trucks']",Tacos
OEfoxHK5O6brJo8eRqb_1Q,Ed & Tom's Bar B Que,4.8,76,,(432) 307-6606,31.84313,-102.36183,Odessa,TX,79761,"317 E Murphy St Odessa, TX 79761",Barbeque,https://www.yelp.com/biz/ed-and-toms-bar-b-que-odessa?adjust_creative=hnFUw3NBo1Aiff5RjJN46g&utm_campaign=yelp_api_v3&utm_medium=api_v3_business_search&utm_source=hnFUw3NBo1Aiff5RjJN46g,['Barbeque'],Barbeque
_kMYI0s2QwBaR5dK3_hJTw,Volcano,4.1,224,$$,(432) 552-8881,31.889699,-102.346956,Odessa,TX,79762,"3952 E 42nd St Ste A Odessa, TX 79762","Chinese,Asian Fusion,Japanese",https://www.yelp.com/biz/volcano-odessa-2?adjust_creative=hnFUw3NBo1Aiff5RjJN46g&utm_campaign=yelp_api_v3&utm_medium=api_v3_business_search&utm_source=hnFUw3NBo1Aiff5RjJN46g,"['Chinese', 'Asian Fusion', 'Japanese']",Chinese
XOGjSOY_Dtv6M2f9q_PNCg,Teak & Charlie's Jersey Girl Pizza,4.3,267,$$,(432) 366-2000,31.890087,-102.334115,Odessa,TX,79762,"4007 John Ben Shepperd Pkwy Odessa, TX 79762","Pizza,Salad,Sandwiches",https://www.yelp.com/biz/teak-and-charlies-jersey-girl-pizza-odessa?adjust_creative=hnFUw3NBo1Aiff5RjJN46g&utm_campaign=yelp_api_v3&utm_medium=api_v3_business_search&utm_source=hnFUw3NBo1Aiff5RjJN46g,"['Pizza', 'Salad', 'Sandwiches']",Pizza
jpnHA-W7fa2NRxAQJnUeOw,Mi Piaci,3.7,206,$$,(432) 362-8060,31.87439,-102.34824,Odessa,TX,79761,"2607 N Grandview Ave Odessa, TX 79761","Italian,Pizza",https://www.yelp.com/biz/mi-piaci-odessa?adjust_creative=hnFUw3NBo1Aiff5RjJN46g&utm_campaign=yelp_api_v3&utm_medium=api_v3_business_search&utm_source=hnFUw3NBo1Aiff5RjJN46g,"['Italian', 'Pizza']",Italian
gMR72Cp-EyMf86fhTAm_NA,El Sinaloense Mariscos & Bar,3.9,35,,(432) 653-1686,31.849325,-102.369543,Odessa,TX,79761,"512 N Grant Ave Odessa, TX 79761","Seafood,Mexican,Bars",https://www.yelp.com/biz/el-sinaloense-mariscos-and-bar-odessa?adjust_creative=hnFUw3NBo1Aiff5RjJN46g&utm_campaign=yelp_api_v3&utm_medium=api_v3_business_search&utm_source=hnFUw3NBo1Aiff5RjJN46g,"['Seafood', 'Mexican', 'Bars']",Seafood
1FRVQ9DnLWt8VGkEZ4hqiQ,Limon Con Chile,4.6,45,,(432) 552-8219,31.84769,-102.38226,Odessa,TX,79763,"1001 W 10th St Odessa, TX 79763","Mexican,Breakfast & Brunch,Soup",https://www.yelp.com/biz/limon-con-chile-odessa?adjust_creative=hnFUw3NBo1Aiff5RjJN46g&utm_campaign=yelp_api_v3&utm_medium=api_v3_business_search&utm_source=hnFUw3NBo1Aiff5RjJN46g,"['Mexican', 'Breakfast & Brunch', 'Soup']",Mexican
KU9D8P0mA-tnTDJ6iYMo1Q,Volcano Korean Bbq,4.5,27,,(432) 307-6934,31.885067,-102.375818,Odessa,TX,79762,"601 E 42nd St Ste B Odessa, TX 79762",Korean,https://www.yelp.com/biz/volcano-korean-bbq-odessa?adjust_creative=hnFUw3NBo1Aiff5RjJN46g&utm_campaign=yelp_api_v3&utm_medium=api_v3_business_search&utm_source=hnFUw3NBo1Aiff5RjJN46g,['Korean'],Korean
xDNlferQRTPtAyrTXcV0Dg,Barrel & Derrick,3.7,50,,(432) 653-5803,31.8497053,-102.3672673,Odessa,TX,79761,"305 E 5th St Fl 1st Odessa, TX 79761","Breakfast & Brunch,Tapas/Small Plates,Cocktail Bars",https://www.yelp.com/biz/barrel-and-derrick-odessa-2?adjust_creative=hnFUw3NBo1Aiff5RjJN46g&utm_campaign=yelp_api_v3&utm_medium=api_v3_business_search&utm_source=hnFUw3NBo1Aiff5RjJN46g,"['Breakfast & Brunch', 'Tapas/Small Plates', 'Cocktail Bars']",Breakfast & Brunch
UJqbhZE2wU77h3GT4h4Nng,Whitehouse Meat Market,4.4,139,$$,(432) 296-4160,31.91082007387394,-102.29742619523029,Odessa,TX,79765,"7270 Hwy 191 Frontage Ste 210 Odessa, TX 79765","Burgers,Meat Shops",https://www.yelp.com/biz/whitehouse-meat-market-odessa-2?adjust_creative=hnFUw3NBo1Aiff5RjJN46g&utm_campaign=yelp_api_v3&utm_medium=api_v3_business_search&utm_source=hnFUw3NBo1Aiff5RjJN46g,"['Burgers', 'Meat Shops']",Burgers
71SXFz7EIAH6axSJZRcaFA,Copper Kettle Cafe,4.2,58,,(432) 272-0531,31.87646,-102.34641,Odessa,TX,79762,"2720 N Grandview Ave Odessa, TX 79762","Cafes,Bakeries,Southern",https://www.yelp.com/biz/copper-kettle-cafe-odessa?adjust_creative=hnFUw3NBo1Aiff5RjJN46g&utm_campaign=yelp_api_v3&utm_medium=api_v3_business_search&utm_source=hnFUw3NBo1Aiff5RjJN46g,"['Cafes', 'Bakeries', 'Southern']",Cafes
itGrVBuTeSlvB81MjbSfmA,Szechuan House,3.8,16,,(432) 528-8189,31.906859214338645,-102.3012159504412,Odessa,TX,79765,"6990 E Hwy 191 Odessa, TX 79765",Szechuan,https://www.yelp.com/biz/szechuan-house-odessa?adjust_creative=hnFUw3NBo1Aiff5RjJN46g&utm_campaign=yelp_api_v3&utm_medium=api_v3_business_search&utm_source=hnFUw3NBo1Aiff5RjJN46g,['Szechuan'],Szechuan
WzxqvzRZ5pwXkaw-XwK-QQ,Pollos Asados Rio Grande,4.5,50,$$,(432) 272-4771,31.83523,-102.36066,Odessa,TX,79761,"1200 S Grant Ave Odessa, TX 79761",Mexican,https://www.yelp.com/biz/pollos-asados-rio-grande-odessa?adjust_creative=hnFUw3NBo1Aiff5RjJN46g&utm_campaign=yelp_api_v3&utm_medium=api_v3_business_search&utm_source=hnFUw3NBo1Aiff5RjJN46g,['Mexican'],Mexican
dBEvfqEuCD3at4NyqZLRxg,Taste of India-Permian Basin,4.4,126,$$,(432) 332-4973,31.8698516636137,-102.320614415305,Odessa,TX,79761,"3001 E Business 20 Odessa, TX 79761",Indian,https://www.yelp.com/biz/taste-of-india-permian-basin-odessa?adjust_creative=hnFUw3NBo1Aiff5RjJN46g&utm_campaign=yelp_api_v3&utm_medium=api_v3_business_search&utm_source=hnFUw3NBo1Aiff5RjJN46g,['Indian'],Indian
Wl4RyU-yRo6UgHOE4sncyQ,Maria's Mexican Kitchen Odessa,3.5,15,,(432) 282-0240,31.90994614700551,-102.29831426464423,Odessa,TX,79765,"7254 E Hwy 191 Ste 200 Odessa, TX 79765",Mexican,https://www.yelp.com/biz/marias-mexican-kitchen-odessa?adjust_creative=hnFUw3NBo1Aiff5RjJN46g&utm_campaign=yelp_api_v3&utm_medium=api_v3_business_search&utm_source=hnFUw3NBo1Aiff5RjJN46g,['Mexican'],Mexican
0nrXazUBKvRuRQVhHG0xOw,Hook & Reel Cajun Seafood & Bar,4.0,111,$$,(432) 552-8481,31.89544933,-102.32920483,ODESSA,TX,79762,"5151 E 42nd St ODESSA, TX 79762","Cajun/Creole,Seafood",https://www.yelp.com/biz/hook-and-reel-cajun-seafood-and-bar-odessa?adjust_creative=hnFUw3NBo1Aiff5RjJN46g&utm_campaign=yelp_api_v3&utm_medium=api_v3_business_search&utm_source=hnFUw3NBo1Aiff5RjJN46g,"['Cajun/Creole', 'Seafood']",Cajun/Creole
s2u1UnCfou-T6YfmkkObdQ,Pho House,4.1,99,$$,(432) 667-8888,31.8767502515812,-102.329451856024,Odessa,TX,79761,"1541 John Ben Shepperd Pkwy Ste 2 Odessa, TX 79761","Vietnamese,Noodles,Bubble Tea",https://www.yelp.com/biz/pho-house-odessa-2?adjust_creative=hnFUw3NBo1Aiff5RjJN46g&utm_campaign=yelp_api_v3&utm_medium=api_v3_business_search&utm_source=hnFUw3NBo1Aiff5RjJN46g,"['Vietnamese', 'Noodles', 'Bubble Tea']",Vietnamese
cuNh9WLF49hnQGDlxInV7g,The Rose Bar B Q,4.5,54,$,(432) 580-3332,31.85685,-102.43443,Odessa,TX,79764,"4740 W University Blvd Odessa, TX 79764",Barbeque,https://www.yelp.com/biz/the-rose-bar-b-q-odessa?adjust_creative=hnFUw3NBo1Aiff5RjJN46g&utm_campaign=yelp_api_v3&utm_medium=api_v3_business_search&utm_source=hnFUw3NBo1Aiff5RjJN46g,['Barbeque'],Barbeque
yFkEAEx566YVVsDDloNqIQ,Sushi Brothers,4.2,15,,(432) 614-1786,31.85977,-102.35573,Odessa,TX,79761,"1351 E 8th St Odessa, TX 79761","Sushi Bars,Latin American,Asian Fusion",https://www.yelp.com/biz/sushi-brothers-odessa?adjust_creative=hnFUw3NBo1Aiff5RjJN46g&utm_campaign=yelp_api_v3&utm_medium=api_v3_business_search&utm_source=hnFUw3NBo1Aiff5RjJN46g,"['Sushi Bars', 'Latin American', 'Asian Fusion']",Sushi Bars
w8Mgb9Idav-g-zFC_U8sUA,Cafe De Luna,4.8,13,,(432) 614-5612,31.88996149770602,-102.34625071125024,Odessa,TX,79762,"3952 E 42nd St Ste S Odessa, TX 79762","Coffee & Tea,Juice Bars & Smoothies,Waffles",https://www.yelp.com/biz/cafe-de-luna-odessa?adjust_creative=hnFUw3NBo1Aiff5RjJN46g&utm_campaign=yelp_api_v3&utm_medium=api_v3_business_search&utm_source=hnFUw3NBo1Aiff5RjJN46g,"['Coffee & Tea', 'Juice Bars & Smoothies', 'Waffles']",Coffee & Tea
3Jp6BRp6YJkqj0vvnGU17Q,Hercules Barbecue,4.0,11,$$,(432) 894-9259,31.882812,-102.3846715,Odessa,TX,79763,"4200 Andrews Hwy Odessa, TX 79763","Food Trucks,Barbeque",https://www.yelp.com/biz/hercules-barbecue-odessa?adjust_creative=hnFUw3NBo1Aiff5RjJN46g&utm_campaign=yelp_api_v3&utm_medium=api_v3_business_search&utm_source=hnFUw3NBo1Aiff5RjJN46g,"['Food Trucks', 'Barbeque']",Food Trucks
M2PeottJHO4PHDdW2xJV7Q,Patrick Clay's Icon Tavern,3.6,11,,(432) 653-4726,31.8483,-102.36907,Odessa,TX,79761,"418 N Grant Ave Odessa, TX 79761","Sports Bars,Burgers,Beer Bar",https://www.yelp.com/biz/patrick-clays-icon-tavern-odessa?adjust_creative=hnFUw3NBo1Aiff5RjJN46g&utm_campaign=yelp_api_v3&utm_medium=api_v3_business_search&utm_source=hnFUw3NBo1Aiff5RjJN46g,"['Sports Bars', 'Burgers', 'Beer Bar']",Sports Bars
ZK6SssHajk8-Bspo69-5Uw,Taqueria Guadalupana,4.5,74,$,(480) 231-6805,31.83383,-102.35875,Odessa,TX,79761,"1255 S Grant Ave Odessa, TX 79761",Mexican,https://www.yelp.com/biz/taqueria-guadalupana-odessa-2?adjust_creative=hnFUw3NBo1Aiff5RjJN46g&utm_campaign=yelp_api_v3&utm_medium=api_v3_business_search&utm_source=hnFUw3NBo1Aiff5RjJN46g,['Mexican'],Mexican
daCtNhLqo8YAxu1OclcMKQ,Torchy's Tacos,3.2,125,$$,(432) 308-5040,31.84935,-102.366641,Odessa,TX,79761,"306 E 5th St Odessa, TX 79761","Tacos,Tex-Mex",https://www.yelp.com/biz/torchys-tacos-odessa?adjust_creative=hnFUw3NBo1Aiff5RjJN46g&utm_campaign=yelp_api_v3&utm_medium=api_v3_business_search&utm_source=hnFUw3NBo1Aiff5RjJN46g,"['Tacos', 'Tex-Mex']",Tacos
DzS1JIvd7-3EfRlMWoQqqA,Bubba's 33,3.4,123,$$,(432) 366-7427,31.89770089503431,-102.3153717368227,Odessa,TX,79762,"6153 E Highway 191 Odessa, TX 79762","American,Burgers,Pizza",https://www.yelp.com/biz/bubbas-33-odessa?adjust_creative=hnFUw3NBo1Aiff5RjJN46g&utm_campaign=yelp_api_v3&utm_medium=api_v3_business_search&utm_source=hnFUw3NBo1Aiff5RjJN46g,"['American', 'Burgers', 'Pizza']",American
qQyi_SYie-1qtFg1K5ZSKg,Press Cafe,4.4,68,,(432) 498-0235,31.90809,-102.2929,Odessa,TX,79765,"4400 Parks Legado Rd Odessa, TX 79765","Coffee & Tea,Bakeries,Breakfast & Brunch",https://www.yelp.com/biz/press-cafe-odessa?adjust_creative=hnFUw3NBo1Aiff5RjJN46g&utm_campaign=yelp_api_v3&utm_medium=api_v3_business_search&utm_source=hnFUw3NBo1Aiff5RjJN46g,"['Coffee & Tea', 'Bakeries', 'Breakfast & Brunch']",Coffee & Tea
cQwLm57rqLXTQGnsIZROkg,Taboo Restaurant,2.4,23,,(432) 614-0160,31.88046,-102.330513,Odessa,TX,79762,"2727 John Ben Shepperd Pkwy Odessa, TX 79762","Sushi Bars,Pasta Shops,Steakhouses",https://www.yelp.com/biz/taboo-restaurant-odessa?adjust_creative=hnFUw3NBo1Aiff5RjJN46g&utm_campaign=yelp_api_v3&utm_medium=api_v3_business_search&utm_source=hnFUw3NBo1Aiff5RjJN46g,"['Sushi Bars', 'Pasta Shops', 'Steakhouses']",Sushi Bars
5lpyf_YIhIUGnHr5G7VKrA,Cafe San Blas,4.1,48,,(432) 880-1455,31.851460339789472,-102.36919627576916,Odessa,TX,79761,"216 E 8th St Odessa, TX 79761","Mexican,Breakfast & Brunch,Burgers",https://www.yelp.com/biz/cafe-san-blas-odessa-2?adjust_creative=hnFUw3NBo1Aiff5RjJN46g&utm_campaign=yelp_api_v3&utm_medium=api_v3_business_search&utm_source=hnFUw3NBo1Aiff5RjJN46g,"['Mexican', 'Breakfast & Brunch', 'Burgers']",Mexican
SpWz8Rw2TfFpf7Spj19YMQ,Kung Fu China Express,3.8,16,,(432) 552-8876,31.892523,-102.341293,Odessa,TX,79762,"4101 E 42nd St Odessa, TX 79762",Chinese,https://www.yelp.com/biz/kung-fu-china-express-odessa?adjust_creative=hnFUw3NBo1Aiff5RjJN46g&utm_campaign=yelp_api_v3&utm_medium=api_v3_business_search&utm_source=hnFUw3NBo1Aiff5RjJN46g,['Chinese'],Chinese
1ztzAcgA8fSXgnFhfnoWfw,SHRIMP BOAT,2.7,42,$$$$,(432) 363-6237,31.88225,-102.31412,Odessa,TX,79762,"5200 E University Blvd Odessa, TX 79762",Restaurants,https://www.yelp.com/biz/shrimp-boat-odessa?adjust_creative=hnFUw3NBo1Aiff5RjJN46g&utm_campaign=yelp_api_v3&utm_medium=api_v3_business_search&utm_source=hnFUw3NBo1Aiff5RjJN46g,['Restaurants'],Restaurants
bk0lltcXD4GlEUqBFkqDNA,Saltgrass Steak House,2.7,194,$$,(432) 563-1951,31.909213197366004,-102.29892641410348,Odessa,TX,79762,"7240 East Hwy 191 Odessa, TX 79762","Steakhouses,Seafood,American",https://www.yelp.com/biz/saltgrass-steak-house-odessa?adjust_creative=hnFUw3NBo1Aiff5RjJN46g&utm_campaign=yelp_api_v3&utm_medium=api_v3_business_search&utm_source=hnFUw3NBo1Aiff5RjJN46g,"['Steakhouses', 'Seafood', 'American']",Steakhouses
kwpgpS6OTkteRuA7QMDAdA,Big Daddy's Catfish & Chicken,3.4,101,$$,(432) 550-6830,31.885956235884,-102.37245026627,Odessa,TX,79762,"1121 E 42nd St Odessa, TX 79762","Fish & Chips,American,Sandwiches",https://www.yelp.com/biz/big-daddys-catfish-and-chicken-odessa?adjust_creative=hnFUw3NBo1Aiff5RjJN46g&utm_campaign=yelp_api_v3&utm_medium=api_v3_business_search&utm_source=hnFUw3NBo1Aiff5RjJN46g,"['Fish & Chips', 'American', 'Sandwiches']",Fish & Chips
NhxL3GWXRSL9qDkV4DUJ2w,Taqueria Reynosa,3.5,43,$$,(432) 272-1056,31.875784,-102.347779,Odessa,TX,78762,"2701 N Grandview Ave Odessa, TX 78762",Mexican,https://www.yelp.com/biz/taqueria-reynosa-odessa?adjust_creative=hnFUw3NBo1Aiff5RjJN46g&utm_campaign=yelp_api_v3&utm_medium=api_v3_business_search&utm_source=hnFUw3NBo1Aiff5RjJN46g,['Mexican'],Mexican
bwAwcc1Fe1j3B-yVbN6mYQ,Noodle House,4.5,2,,(432) 232-9829,31.9182607,-102.2869708,Odessa,TX,79765,"4101 Medical Park Dr Ste 130 Odessa, TX 79765","Chinese,Noodles,Soup",https://www.yelp.com/biz/noodle-house-odessa?adjust_creative=hnFUw3NBo1Aiff5RjJN46g&utm_campaign=yelp_api_v3&utm_medium=api_v3_business_search&utm_source=hnFUw3NBo1Aiff5RjJN46g,"['Chinese', 'Noodles', 'Soup']",Chinese
eupdhzNuH0GO3hHQ9rNByQ,Pho&More,3.8,37,,(432) 614-6541,31.8907100585561,-102.333845359577,Odessa,TX,79762,"4023 John Ben Shepperd Pkwy Odessa, TX 79762","Vietnamese,Noodles",https://www.yelp.com/biz/pho-and-more-odessa?adjust_creative=hnFUw3NBo1Aiff5RjJN46g&utm_campaign=yelp_api_v3&utm_medium=api_v3_business_search&utm_source=hnFUw3NBo1Aiff5RjJN46g,"['Vietnamese', 'Noodles']",Vietnamese
BboSIJybE4PfrjyN0pMjaA,Elva's Taco Casa,4.3,25,$,(432) 333-2831,31.860422,-102.351119,Odessa,TX,79761,"807 Royalty Ave Odessa, TX 79761",Mexican,https://www.yelp.com/biz/elvas-taco-casa-odessa-2?adjust_creative=hnFUw3NBo1Aiff5RjJN46g&utm_campaign=yelp_api_v3&utm_medium=api_v3_business_search&utm_source=hnFUw3NBo1Aiff5RjJN46g,['Mexican'],Mexican
JqnAcarkFYfRKeBXZJncbQ,Permian Basin Hamburger Co Downtown,4.2,18,$,(432) 333-4971,31.8492660522461,-102.369758605957,Odessa,TX,79761,"520 N Grant Ave Odessa, TX 79761","Burgers,Hot Dogs",https://www.yelp.com/biz/permian-basin-hamburger-co-downtown-odessa?adjust_creative=hnFUw3NBo1Aiff5RjJN46g&utm_campaign=yelp_api_v3&utm_medium=api_v3_business_search&utm_source=hnFUw3NBo1Aiff5RjJN46g,"['Burgers', 'Hot Dogs']",Burgers
VOI17WYhBkWnZFKWTbDUdQ,Brunch and Munch Eatery And Creperie,3.5,91,$$$,(432) 552-8777,31.8424418000538,-102.389553996835,Odessa,TX,79763,"818 N County Rd W Odessa, TX 79763","Breakfast & Brunch,New American,Creperies",https://www.yelp.com/biz/brunch-and-munch-eatery-and-creperie-odessa?adjust_creative=hnFUw3NBo1Aiff5RjJN46g&utm_campaign=yelp_api_v3&utm_medium=api_v3_business_search&utm_source=hnFUw3NBo1Aiff5RjJN46g,"['Breakfast & Brunch', 'New American', 'Creperies']",Breakfast & Brunch
Vgx65SkoGYrOh95bmo1nrQ,Crab station & Oyster Bar - Odessa,3.4,33,,(432) 614-6526,31.885384,-102.374941,Odessa,TX,79762,"4231 N Dixie Blvd Odessa, TX 79762","Seafood,Cajun/Creole,Chicken Wings",https://www.yelp.com/biz/crab-station-and-oyster-bar-odessa-odessa?adjust_creative=hnFUw3NBo1Aiff5RjJN46g&utm_campaign=yelp_api_v3&utm_medium=api_v3_business_search&utm_source=hnFUw3NBo1Aiff5RjJN46g,"['Seafood', 'Cajun/Creole', 'Chicken Wings']",Seafood
kJqzj8huKdS38AP3krsrVg,My Maria Mexican & American Cuisine,3.8,14,,(432) 631-5960,31.85578143768553,-102.37516028459652,Odessa,TX,79763,"1307 N Grant Odessa, TX 79763","Mexican,Breakfast & Brunch,Coffee & Tea",https://www.yelp.com/biz/my-maria-mexican-and-american-cuisine-odessa?adjust_creative=hnFUw3NBo1Aiff5RjJN46g&utm_campaign=yelp_api_v3&utm_medium=api_v3_business_search&utm_source=hnFUw3NBo1Aiff5RjJN46g,"['Mexican', 'Breakfast & Brunch', 'Coffee & Tea']",Mexican
SSitljvA2cMFhuSSvtZeCg,Manuel's Odessa Tortilla & Tamale Factory,4.8,11,$$,(432) 332-6676,31.85619,-102.34615,Odessa,TX,79761,"1915 E 2nd St Odessa, TX 79761",Mexican,https://www.yelp.com/biz/manuels-odessa-tortilla-and-tamale-factory-odessa?adjust_creative=hnFUw3NBo1Aiff5RjJN46g&utm_campaign=yelp_api_v3&utm_medium=api_v3_business_search&utm_source=hnFUw3NBo1Aiff5RjJN46g,['Mexican'],Mexican
1Wsg3_W_ep3S23CqmPk_ig,Garibaldy's Tacos,3.9,39,$,(432) 367-8676,31.8831000477076,-102.385075315833,Odessa,TX,79762,"4206 Andrews Hwy Odessa, TX 79762",Mexican,https://www.yelp.com/biz/garibaldys-tacos-odessa?adjust_creative=hnFUw3NBo1Aiff5RjJN46g&utm_campaign=yelp_api_v3&utm_medium=api_v3_business_search&utm_source=hnFUw3NBo1Aiff5RjJN46g,['Mexican'],Mexican
tZcA7LCyS7IVpmxosJ-iWQ,Sid & Sams Original Steakhouse,3.0,62,$$,(432) 332-8484,31.8643954,-102.3981491,Odessa,TX,79761,"1353 W University Blvd Odessa, TX 79761","Steakhouses,American",https://www.yelp.com/biz/sid-and-sams-original-steakhouse-odessa?adjust_creative=hnFUw3NBo1Aiff5RjJN46g&utm_campaign=yelp_api_v3&utm_medium=api_v3_business_search&utm_source=hnFUw3NBo1Aiff5RjJN46g,"['Steakhouses', 'American']",Steakhouses
ru0WjxZ0w65BAbJdITr9Ng,Campo Azul,3.7,17,,(432) 552-8288,31.8747845328811,-102.34603676945,Odessa,TX,79761,"2602 N Grandview St Odessa, TX 79761","Bars,Breakfast & Brunch,Mexican",https://www.yelp.com/biz/campo-azul-odessa?adjust_creative=hnFUw3NBo1Aiff5RjJN46g&utm_campaign=yelp_api_v3&utm_medium=api_v3_business_search&utm_source=hnFUw3NBo1Aiff5RjJN46g,"['Bars', 'Breakfast & Brunch', 'Mexican']",Bars
jYC_T9nBtlQ12fxjMQBNXw,Tio Gordos Texican Cafe,4.2,21,,(432) 362-1017,31.9372597600469,-102.385440431535,Odessa,TX,79765,"960 E 87th St Ste C Odessa, TX 79765",Tex-Mex,https://www.yelp.com/biz/tio-gordos-texican-cafe-odessa?adjust_creative=hnFUw3NBo1Aiff5RjJN46g&utm_campaign=yelp_api_v3&utm_medium=api_v3_business_search&utm_source=hnFUw3NBo1Aiff5RjJN46g,['Tex-Mex'],Tex-Mex
AElRa0i7LzKHUkIc_XgChg,Texas Roadhouse,3.5,126,$$,(432) 550-9416,31.891381267378183,-102.35300656262471,Odessa,TX,79762,"4221 Grandview Ave Odessa, TX 79762","Steakhouses,Barbeque,American",https://www.yelp.com/biz/texas-roadhouse-odessa-3?adjust_creative=hnFUw3NBo1Aiff5RjJN46g&utm_campaign=yelp_api_v3&utm_medium=api_v3_business_search&utm_source=hnFUw3NBo1Aiff5RjJN46g,"['Steakhouses', 'Barbeque', 'American']",Steakhouses
LH5W9TvGFA9KvQ-WBQMMDw,Fuego West Texas,2.8,6,,(432) 614-2087,31.918356,-102.286616,Odessa,TX,79765,"4101 Medical Park Dr Ste 120 Odessa, TX 79765","Tapas Bars,Cocktail Bars,Mexican",https://www.yelp.com/biz/fuego-west-texas-odessa?adjust_creative=hnFUw3NBo1Aiff5RjJN46g&utm_campaign=yelp_api_v3&utm_medium=api_v3_business_search&utm_source=hnFUw3NBo1Aiff5RjJN46g,"['Tapas Bars', 'Cocktail Bars', 'Mexican']",Tapas Bars
CUrE3SE_yWDB_3qE41X_-w,Taqueria Guadalajara,4.0,37,$,(432) 335-8808,31.8323756,-102.3688338,Odessa,TX,79763,"1301 S Crane Ave Odessa, TX 79763",Mexican,https://www.yelp.com/biz/taqueria-guadalajara-odessa?adjust_creative=hnFUw3NBo1Aiff5RjJN46g&utm_campaign=yelp_api_v3&utm_medium=api_v3_business_search&utm_source=hnFUw3NBo1Aiff5RjJN46g,['Mexican'],Mexican
0dfnG4RhoiRd-o4N0odj5Q,Dough Boy's Cafe,4.6,16,$,(432) 276-5576,31.844149207848,-102.389253862202,Odessa,TX,79763,"1621 W 10th St Odessa, TX 79763","Cafes,Juice Bars & Smoothies,Breakfast & Brunch",https://www.yelp.com/biz/dough-boys-cafe-odessa?adjust_creative=hnFUw3NBo1Aiff5RjJN46g&utm_campaign=yelp_api_v3&utm_medium=api_v3_business_search&utm_source=hnFUw3NBo1Aiff5RjJN46g,"['Cafes', 'Juice Bars & Smoothies', 'Breakfast & Brunch']",Cafes
bHOO3MCw81f9WPGkhT0Xdw,Los Caporales Authentic Mexican Restaurant ,3.1,62,$$,(432) 366-1445,31.887723,-102.350594,Odessa,TX,79762,"4000 N Grandview Ave Odessa, TX 79762",Mexican,https://www.yelp.com/biz/los-caporales-authentic-mexican-restaurant-odessa?adjust_creative=hnFUw3NBo1Aiff5RjJN46g&utm_campaign=yelp_api_v3&utm_medium=api_v3_business_search&utm_source=hnFUw3NBo1Aiff5RjJN46g,['Mexican'],Mexican
jOgnlORH9k354AbmglSPUw,Marys Bakery,4.5,2,,(432) 272-0372,31.88598022264858,-102.37393478598123,Odessa,TX,79762,"4218 N Dixie Blvd Odessa, TX 79762",Cuban,https://www.yelp.com/biz/marys-bakery-odessa?adjust_creative=hnFUw3NBo1Aiff5RjJN46g&utm_campaign=yelp_api_v3&utm_medium=api_v3_business_search&utm_source=hnFUw3NBo1Aiff5RjJN46g,['Cuban'],Cuban
WeqD_CunBXW36CouBH_kng,"Chaotic Wings, Pizza, Burgers & More",2.7,58,,(432) 332-8070,31.870792,-102.381603,Odessa,TX,79762,"2821 Andrews Hwy Odessa, TX 79762","Pizza,Chicken Wings,Burgers",https://www.yelp.com/biz/chaotic-wings-pizza-burgers-and-more-odessa?adjust_creative=hnFUw3NBo1Aiff5RjJN46g&utm_campaign=yelp_api_v3&utm_medium=api_v3_business_search&utm_source=hnFUw3NBo1Aiff5RjJN46g,"['Pizza', 'Chicken Wings', 'Burgers']",Pizza
JZkkiY8o_H3cfmnmhTolFA,China Town Buffet,3.2,30,$$,(432) 272-2281,31.87419,-102.381126,Odessa,TX,79762,"3300 Andrews Hwy Odessa, TX 79762",Chinese,https://www.yelp.com/biz/china-town-buffet-odessa-2?adjust_creative=hnFUw3NBo1Aiff5RjJN46g&utm_campaign=yelp_api_v3&utm_medium=api_v3_business_search&utm_source=hnFUw3NBo1Aiff5RjJN46g,['Chinese'],Chinese
nDSS8f_TQZagcyWDeueE0w,Cheddar's Scratch Kitchen,2.6,154,$$,(432) 362-6400,31.8934128822558,-102.33657,Odessa,TX,79762,"4875 E 42nd St Odessa, TX 79762","American,Comfort Food,Southern",https://www.yelp.com/biz/cheddars-scratch-kitchen-odessa-2?adjust_creative=hnFUw3NBo1Aiff5RjJN46g&utm_campaign=yelp_api_v3&utm_medium=api_v3_business_search&utm_source=hnFUw3NBo1Aiff5RjJN46g,"['American', 'Comfort Food', 'Southern']",American
QaLtyXqI57a7QJgP8nBy2g,Walk-On's Sports Bistreaux - Odessa Restaurant,3.0,89,$$,(432) 698-4100,31.9116887,-102.2968814,Odessa,TX,79765,"7280 E Highway 191 Odessa, TX 79765","Cajun/Creole,Sports Bars,American",https://www.yelp.com/biz/walk-ons-sports-bistreaux-odessa-3?adjust_creative=hnFUw3NBo1Aiff5RjJN46g&utm_campaign=yelp_api_v3&utm_medium=api_v3_business_search&utm_source=hnFUw3NBo1Aiff5RjJN46g,"['Cajun/Creole', 'Sports Bars', 'American']",Cajun/Creole
AJwrLP1Yo1ZvDPv-O_lD7Q,Chinese Kitchen,2.8,40,$,(432) 362-8509,31.8751959,-102.3498149,Odessa,TX,79762,"3183 E University Blvd Odessa, TX 79762",Chinese,https://www.yelp.com/biz/chinese-kitchen-odessa?adjust_creative=hnFUw3NBo1Aiff5RjJN46g&utm_campaign=yelp_api_v3&utm_medium=api_v3_business_search&utm_source=hnFUw3NBo1Aiff5RjJN46g,['Chinese'],Chinese
eV1pivHhwyDXLtfqEUSAbA,Judy K's Kountry Kitchen,4.3,30,$,(432) 614-1358,31.9079562581693,-102.41007510483922,Odessa,TX,79764,"7010 N County Rd W Odessa, TX 79764","Breakfast & Brunch,American",https://www.yelp.com/biz/judy-ks-kountry-kitchen-odessa?adjust_creative=hnFUw3NBo1Aiff5RjJN46g&utm_campaign=yelp_api_v3&utm_medium=api_v3_business_search&utm_source=hnFUw3NBo1Aiff5RjJN46g,"['Breakfast & Brunch', 'American']",Breakfast & Brunch
we8cuibpCqB5zzhW-zaERw,Ledgens Pizza,3.2,16,,(432) 444-9656,31.9182607,-102.2869708,Odessa,TX,79765,"4101 Medical Park Dr Ste 135 Odessa, TX 79765","Pizza,Sandwiches,Italian",https://www.yelp.com/biz/ledgens-pizza-odessa-2?adjust_creative=hnFUw3NBo1Aiff5RjJN46g&utm_campaign=yelp_api_v3&utm_medium=api_v3_business_search&utm_source=hnFUw3NBo1Aiff5RjJN46g,"['Pizza', 'Sandwiches', 'Italian']",Pizza
xdlS1fBZnNHeDwTmw9gclA,La Burreria,3.9,59,$,(432) 653-5928,31.899146535867317,-102.30011149048018,Odessa,TX,79765,"3600 Billy Hext Rd Ste 100 Odessa, TX 79765",Mexican,https://www.yelp.com/biz/la-burreria-odessa-2?adjust_creative=hnFUw3NBo1Aiff5RjJN46g&utm_campaign=yelp_api_v3&utm_medium=api_v3_business_search&utm_source=hnFUw3NBo1Aiff5RjJN46g,['Mexican'],Mexican
a3hbfzoupmUkWBKAYwD59w,Twin Peaks,2.5,189,$$,(432) 366-0921,31.8940984781388,-102.333692884109,Odessa,TX,79762,"5001 E 42nd St Odessa, TX 79762","New American,Sports Bars,American",https://www.yelp.com/biz/twin-peaks-odessa?adjust_creative=hnFUw3NBo1Aiff5RjJN46g&utm_campaign=yelp_api_v3&utm_medium=api_v3_business_search&utm_source=hnFUw3NBo1Aiff5RjJN46g,"['New American', 'Sports Bars', 'American']",New American
LqkfPEPx790f2_QTww0DJg,Pho Viet,4.2,13,,(432) 307-6306,31.860795481638284,-102.3968538566338,Odessa,TX,79763,"2421 N County Rd W Ste C Odessa, TX 79763","Vietnamese,Bubble Tea",https://www.yelp.com/biz/pho-viet-odessa?adjust_creative=hnFUw3NBo1Aiff5RjJN46g&utm_campaign=yelp_api_v3&utm_medium=api_v3_business_search&utm_source=hnFUw3NBo1Aiff5RjJN46g,"['Vietnamese', 'Bubble Tea']",Vietnamese
eHN1v0OB8hQosqQlNfZIkg,Tequila Tony's Mexican Restaurant,3.1,41,$$,(432) 552-0376,31.8746612,-102.3520672,Odessa,TX,79762,"3101 E University Blvd Odessa, TX 79762",Mexican,https://www.yelp.com/biz/tequila-tonys-mexican-restaurant-odessa?adjust_creative=hnFUw3NBo1Aiff5RjJN46g&utm_campaign=yelp_api_v3&utm_medium=api_v3_business_search&utm_source=hnFUw3NBo1Aiff5RjJN46g,['Mexican'],Mexican
QHHzOcERa0odCHEACeMFxQ,Honey Donuts,4.3,4,,(432) 653-5519,31.885074013981352,-102.37410955214813,Odessa,TX,79762,"4201 N Dixie Blvd Ste 100 Odessa, TX 79762","Breakfast & Brunch,Donuts",https://www.yelp.com/biz/honey-donuts-odessa?adjust_creative=hnFUw3NBo1Aiff5RjJN46g&utm_campaign=yelp_api_v3&utm_medium=api_v3_business_search&utm_source=hnFUw3NBo1Aiff5RjJN46g,"['Breakfast & Brunch', 'Donuts']",Breakfast & Brunch
WHQFUegSFl_x9GV8qkaXuw,Lee's Avenue,5.0,1,,(432) 557-6448,31.847449,-102.351102,Odessa,TX,79761,"1001 Electric St Odessa, TX 79761",American,https://www.yelp.com/biz/lees-avenue-odessa-2?adjust_creative=hnFUw3NBo1Aiff5RjJN46g&utm_campaign=yelp_api_v3&utm_medium=api_v3_business_search&utm_source=hnFUw3NBo1Aiff5RjJN46g,['American'],American
aQu0YSodfsaNCNx9Lg6wUQ,Sweet Traveler Patisserie,5.0,1,,(432) 631-6650,31.890042225512612,-102.33353292331373,Odessa,TX,79762,"3989 John Ben Shepperd Pkwy Odessa, TX 79762","Patisserie/Cake Shop,Coffee & Tea,Breakfast & Brunch",https://www.yelp.com/biz/sweet-traveler-patisserie-odessa?adjust_creative=hnFUw3NBo1Aiff5RjJN46g&utm_campaign=yelp_api_v3&utm_medium=api_v3_business_search&utm_source=hnFUw3NBo1Aiff5RjJN46g,"['Patisserie/Cake Shop', 'Coffee & Tea', 'Breakfast & Brunch']",Patisserie/Cake Shop
d5USMv9jcZpGltzJ61uQmQ,Texan Steakhouse & Buffet,4.0,1,,,31.85911,-102.37801,Odessa,TX,79761,"1701 N Grant Ave Odessa, TX 79761","Buffets,Steakhouses",https://www.yelp.com/biz/texan-steakhouse-and-buffet-odessa?adjust_creative=hnFUw3NBo1Aiff5RjJN46g&utm_campaign=yelp_api_v3&utm_medium=api_v3_business_search&utm_source=hnFUw3NBo1Aiff5RjJN46g,"['Buffets', 'Steakhouses']",Buffets
80FtBrBRU-DWmc6YR5P7pw,Smoked Soul Mobile Kitchen & Catering,5.0,2,,(432) 703-4911,31.870626,-102.3755574,Odessa,TX,79762,"2713 N Muskingum Odessa, TX 79762","Caterers,Food Trucks,Soul Food",https://www.yelp.com/biz/smoked-soul-mobile-kitchen-and-catering-odessa?adjust_creative=hnFUw3NBo1Aiff5RjJN46g&utm_campaign=yelp_api_v3&utm_medium=api_v3_business_search&utm_source=hnFUw3NBo1Aiff5RjJN46g,"['Caterers', 'Food Trucks', 'Soul Food']",Caterers
DAHehX1aXGeQSAO5KXsCTA,10 Sports Bar & Grill,3.6,33,$$,(432) 367-1001,31.8942491,-102.3384543,Odessa,TX,79762,"4101 E 42nd St Ste F2 Odessa, TX 79762","Sports Bars,Burgers,Sandwiches",https://www.yelp.com/biz/10-sports-bar-and-grill-odessa?adjust_creative=hnFUw3NBo1Aiff5RjJN46g&utm_campaign=yelp_api_v3&utm_medium=api_v3_business_search&utm_source=hnFUw3NBo1Aiff5RjJN46g,"['Sports Bars', 'Burgers', 'Sandwiches']",Sports Bars
9dxG0nsEcNQXg4rNx0B-sw,The Hotdog MAN,4.0,3,,(432) 214-0531,31.8533134426636,-102.448699144487,Odessa,TX,79763,"6070 W University Blvd Odessa, TX 79763","Hot Dogs,Street Vendors,Food Trucks",https://www.yelp.com/biz/the-hotdog-man-odessa?adjust_creative=hnFUw3NBo1Aiff5RjJN46g&utm_campaign=yelp_api_v3&utm_medium=api_v3_business_search&utm_source=hnFUw3NBo1Aiff5RjJN46g,"['Hot Dogs', 'Street Vendors', 'Food Trucks']",Hot Dogs
d1WynVgvJyaC3Of_jFlXrA,La Nortena Tamale Factory,4.3,12,,(432) 272-6950,31.8543550012311,-102.31897219833776,Odessa,TX,79766,"2901 E Interstate 20 Odessa, TX 79766","Mexican,Specialty Food",https://www.yelp.com/biz/la-nortena-tamale-factory-odessa?adjust_creative=hnFUw3NBo1Aiff5RjJN46g&utm_campaign=yelp_api_v3&utm_medium=api_v3_business_search&utm_source=hnFUw3NBo1Aiff5RjJN46g,"['Mexican', 'Specialty Food']",Mexican
iWZKlKYuerQxONWKMbB_fw,KPOT Korean BBQ & Hot Pot,3.0,4,,(432) 331-8888,31.891891299303065,-102.34437,Odessa,TX,79762,"4015 E 42nd St Bldg A Ste 110 Odessa, TX 79762","Korean,Barbeque,Bars",https://www.yelp.com/biz/kpot-korean-bbq-and-hot-pot-odessa-3?adjust_creative=hnFUw3NBo1Aiff5RjJN46g&utm_campaign=yelp_api_v3&utm_medium=api_v3_business_search&utm_source=hnFUw3NBo1Aiff5RjJN46g,"['Korean', 'Barbeque', 'Bars']",Korean
YZgpuQkhCyLID7i37V0d-Q,Bottoms Up Bar and Grill,2.4,71,$$,(432) 653-0148,31.9020455873567,-102.344492344373,Odessa,TX,79762,"4101 E 52nd St Odessa, TX 79762","Sports Bars,New American",https://www.yelp.com/biz/bottoms-up-bar-and-grill-odessa?adjust_creative=hnFUw3NBo1Aiff5RjJN46g&utm_campaign=yelp_api_v3&utm_medium=api_v3_business_search&utm_source=hnFUw3NBo1Aiff5RjJN46g,"['Sports Bars', 'New American']",Sports Bars
DxYgpiCIP4SDuqaffu_tdQ,Macarena’s Delicious Mexican Dishes & Bar,2.5,2,,(432) 247-1509,31.862253457620273,-102.33922562165192,Odessa,TX,79761,"2338 E 8th St Odessa, TX 79761","Bars,Mexican",https://www.yelp.com/biz/macarena-s-delicious-mexican-dishes-and-bar-odessa?adjust_creative=hnFUw3NBo1Aiff5RjJN46g&utm_campaign=yelp_api_v3&utm_medium=api_v3_business_search&utm_source=hnFUw3NBo1Aiff5RjJN46g,"['Bars', 'Mexican']",Bars
wX-O291xRoLB2BiyVKPwkg,Crab City,2.8,13,,(432) 614-6526,31.885402,-102.374965,Odessa,TX,79762,"4231 N Dixie Blvd Odessa, TX 79762","Seafood,Cajun/Creole,Beer Bar",https://www.yelp.com/biz/crab-city-odessa?adjust_creative=hnFUw3NBo1Aiff5RjJN46g&utm_campaign=yelp_api_v3&utm_medium=api_v3_business_search&utm_source=hnFUw3NBo1Aiff5RjJN46g,"['Seafood', 'Cajun/Creole', 'Beer Bar']",Seafood
S7nev7euQ7bn5LWwbelOWg,Jorge's Cafe,3.6,42,$$,(432) 550-7101,31.8901976332468,-102.3464043112201,Odessa,TX,79762,"3952 E 42nd St Odessa, TX 79762",Mexican,https://www.yelp.com/biz/jorges-cafe-odessa?adjust_creative=hnFUw3NBo1Aiff5RjJN46g&utm_campaign=yelp_api_v3&utm_medium=api_v3_business_search&utm_source=hnFUw3NBo1Aiff5RjJN46g,['Mexican'],Mexican
0quWtO4jdXcc0ktuDQiI7Q,Dumplins Y Amigos,4.0,54,$,(432) 366-9454,31.8813921511173,-102.389142885804,Odessa,TX,79764,"401 W 42nd St Odessa, TX 79764","Mexican,Breakfast & Brunch",https://www.yelp.com/biz/dumplins-y-amigos-odessa?adjust_creative=hnFUw3NBo1Aiff5RjJN46g&utm_campaign=yelp_api_v3&utm_medium=api_v3_business_search&utm_source=hnFUw3NBo1Aiff5RjJN46g,"['Mexican', 'Breakfast & Brunch']",Mexican
7VKKiV3LWW635sWOkFB-kg,Carnitas El Peque,1.0,1,,(432) 634-3792,31.835769840664565,-102.40895870771186,Odessa,TX,79763,"3601 W 8th St Odessa, TX 79763",Mexican,https://www.yelp.com/biz/carnitas-el-peque-odessa?adjust_creative=hnFUw3NBo1Aiff5RjJN46g&utm_campaign=yelp_api_v3&utm_medium=api_v3_business_search&utm_source=hnFUw3NBo1Aiff5RjJN46g,['Mexican'],Mexican
e3ZXOfE4Qs1B5nHPbdHroQ,Keith's Hamburger Station,3.3,60,$,(432) 368-0950,31.88524,-102.3854,Odessa,TX,79762,"4324 Andrews Hwy Odessa, TX 79762","American,Burgers,Fast Food",https://www.yelp.com/biz/keiths-hamburger-station-odessa?adjust_creative=hnFUw3NBo1Aiff5RjJN46g&utm_campaign=yelp_api_v3&utm_medium=api_v3_business_search&utm_source=hnFUw3NBo1Aiff5RjJN46g,"['American', 'Burgers', 'Fast Food']",American
-aHZseD6KhhEhJ880PQmPA,Hopdoddy Burger Bar,2.7,22,,(432) 300-4343,31.90966746922006,-102.29857574958936,Odessa,TX,79765,"7250  E Hwy 191 Ste 102 Odessa, TX 79765","Burgers,Salad,Beer Bar",https://www.yelp.com/biz/hopdoddy-burger-bar-odessa?adjust_creative=hnFUw3NBo1Aiff5RjJN46g&utm_campaign=yelp_api_v3&utm_medium=api_v3_business_search&utm_source=hnFUw3NBo1Aiff5RjJN46g,"['Burgers', 'Salad', 'Beer Bar']",Burgers
-3cpY3ArsqRuyQqjZOQNCA,Ojos Locos,1.0,4,,(512) 813-7988,31.894804,-102.330624,Odessa,TX,79762,"5105 E 42nd St Odessa, TX 79762","Tacos,Sports Bars",https://www.yelp.com/biz/ojos-locos-odessa-2?adjust_creative=hnFUw3NBo1Aiff5RjJN46g&utm_campaign=yelp_api_v3&utm_medium=api_v3_business_search&utm_source=hnFUw3NBo1Aiff5RjJN46g,"['Tacos', 'Sports Bars']",Tacos
oZ_ppJnaEVlKCGdexGy9pg,Taqueria Los 3 Potrillos de Jalisco,5.0,2,,(971) 720-6052,31.881379473666204,-102.3878559,Odessa,TX,79764,"207 West 42nd St Odessa, TX 79764","Food Trucks,Tacos,Burgers",https://www.yelp.com/biz/taqueria-los-3-potrillos-de-jalisco-odessa?adjust_creative=hnFUw3NBo1Aiff5RjJN46g&utm_campaign=yelp_api_v3&utm_medium=api_v3_business_search&utm_source=hnFUw3NBo1Aiff5RjJN46g,"['Food Trucks', 'Tacos', 'Burgers']",Food Trucks
4RDiWBEzDcNWuWq05711Pg,Hawthorn Topgolf Swing Suite,4.0,4,,(432) 227-6996,31.8542,-102.35081,Odessa,TX,79761,"201 S JBS Pkwy Odessa, TX 79761","New American,Pizza,Sports Bars",https://www.yelp.com/biz/hawthorn-topgolf-swing-suite-odessa?adjust_creative=hnFUw3NBo1Aiff5RjJN46g&utm_campaign=yelp_api_v3&utm_medium=api_v3_business_search&utm_source=hnFUw3NBo1Aiff5RjJN46g,"['New American', 'Pizza', 'Sports Bars']",New American
oiiRCGWPWvGpoJP0xFplqw,Garely's Restaurant,3.2,31,$$,(432) 246-5051,31.92455956575797,-102.28660852208928,Odessa,TX,79765,"13698 TX-191 Ste 8200 Odessa, TX 79765",Mexican,https://www.yelp.com/biz/garelys-restaurant-odessa?adjust_creative=hnFUw3NBo1Aiff5RjJN46g&utm_campaign=yelp_api_v3&utm_medium=api_v3_business_search&utm_source=hnFUw3NBo1Aiff5RjJN46g,['Mexican'],Mexican
k5w43tOZe43l8vK9AypbKw,C C Kitchen,5.0,1,,(432) 332-0028,31.855453341925745,-102.3589833,Odessa,TX,79761,"601 N Dixie Blvd Odessa, TX 79761",Chinese,https://www.yelp.com/biz/c-c-kitchen-odessa?adjust_creative=hnFUw3NBo1Aiff5RjJN46g&utm_campaign=yelp_api_v3&utm_medium=api_v3_business_search&utm_source=hnFUw3NBo1Aiff5RjJN46g,['Chinese'],Chinese
GCCTaf0rsXPtaPjP4ep6_A,B J's Drive-In,3.1,36,$$,(432) 333-8042,31.86998,-102.39012,Odessa,TX,79764,"3021 Golder Ave Odessa, TX 79764",Burgers,https://www.yelp.com/biz/b-js-drive-in-odessa?adjust_creative=hnFUw3NBo1Aiff5RjJN46g&utm_campaign=yelp_api_v3&utm_medium=api_v3_business_search&utm_source=hnFUw3NBo1Aiff5RjJN46g,['Burgers'],Burgers
wdiBQ844dC63Y-on3lMv6Q,Don Bolos,3.4,30,,(432) 552-8153,31.93835186434489,-102.38508186008852,Odessa,TX,79765,"981 E 87th St Ste 100 Odessa, TX 79765",Mexican,https://www.yelp.com/biz/don-bolos-odessa?adjust_creative=hnFUw3NBo1Aiff5RjJN46g&utm_campaign=yelp_api_v3&utm_medium=api_v3_business_search&utm_source=hnFUw3NBo1Aiff5RjJN46g,['Mexican'],Mexican
Tpy-vgINXx5uWr3mwi0LgA,Jason's Deli,2.9,38,$$,(432) 362-3135,31.8751722,-102.3499336,Odessa,TX,79762,"3167 E University Blvd Ste 12 Odessa, TX 79762","Delis,Sandwiches,Salad",https://www.yelp.com/biz/jasons-deli-odessa?adjust_creative=hnFUw3NBo1Aiff5RjJN46g&utm_campaign=yelp_api_v3&utm_medium=api_v3_business_search&utm_source=hnFUw3NBo1Aiff5RjJN46g,"['Delis', 'Sandwiches', 'Salad']",Delis
qoecum1D9oYcWaMxpyV9lQ,Red Crab Bar,2.2,18,,(432) 272-0269,31.8738791,-102.3819855,Odessa,TX,79762,"3326 Andrews Hwy Odessa, TX 79762",Seafood,https://www.yelp.com/biz/red-crab-bar-no-title?adjust_creative=hnFUw3NBo1Aiff5RjJN46g&utm_campaign=yelp_api_v3&utm_medium=api_v3_business_search&utm_source=hnFUw3NBo1Aiff5RjJN46g,['Seafood'],Seafood
dRu1ZOES8cH2rFdY0iQrFA,Touchdown Grill & Cantina,3.7,6,,(432) 272-0217,31.858714,-102.348034,Odessa,TX,79761,"1806 E 7th St Odessa, TX 79761","Mexican,American,Breakfast & Brunch",https://www.yelp.com/biz/touchdown-grill-and-cantina-odessa?adjust_creative=hnFUw3NBo1Aiff5RjJN46g&utm_campaign=yelp_api_v3&utm_medium=api_v3_business_search&utm_source=hnFUw3NBo1Aiff5RjJN46g,"['Mexican', 'American', 'Breakfast & Brunch']",Mexican
QdPxi2gTBgC-uALP7P5p-w,Flipped,3.5,49,,(432) 563-3447,31.91132012035868,-102.2972499683802,Odessa,TX,79765,"7270 TX-191 Ste 125 Odessa, TX 79765",Breakfast & Brunch,https://www.yelp.com/biz/flipped-odessa?adjust_creative=hnFUw3NBo1Aiff5RjJN46g&utm_campaign=yelp_api_v3&utm_medium=api_v3_business_search&utm_source=hnFUw3NBo1Aiff5RjJN46g,['Breakfast & Brunch'],Breakfast & Brunch
bwDoUYGSschMpkDeuNvDRg,Buffalo Wild Wings,1.6,145,$$,(432) 366-9453,31.891814,-102.353119,Odessa,TX,79762,"4241 North Grandview Ave Odessa, TX 79762","Chicken Wings,American,Sports Bars",https://www.yelp.com/biz/buffalo-wild-wings-odessa?adjust_creative=hnFUw3NBo1Aiff5RjJN46g&utm_campaign=yelp_api_v3&utm_medium=api_v3_business_search&utm_source=hnFUw3NBo1Aiff5RjJN46g,"['Chicken Wings', 'American', 'Sports Bars']",Chicken Wings
1Z5XpUx06DfIrQUoFBzZ1A,La Bodega Mexican Restaurant & Bar,3.1,82,$$,(432) 333-4469,31.8557243347168,-102.359428405762,Odessa,TX,79761,"1024 E 7th St Odessa, TX 79761","Mexican,Bars",https://www.yelp.com/biz/la-bodega-mexican-restaurant-and-bar-odessa?adjust_creative=hnFUw3NBo1Aiff5RjJN46g&utm_campaign=yelp_api_v3&utm_medium=api_v3_business_search&utm_source=hnFUw3NBo1Aiff5RjJN46g,"['Mexican', 'Bars']",Mexican
8SVAQ6ASfevNLVxzJZUYEg,Pancho Patron Restaurante,2.0,4,,(432) 638-7948,31.859981623396,-102.361954184009,Odessa,TX,79761,"1101 N Dixie Blvd Odessa, TX 79761",Mexican,https://www.yelp.com/biz/pancho-patron-restaurante-odessa?adjust_creative=hnFUw3NBo1Aiff5RjJN46g&utm_campaign=yelp_api_v3&utm_medium=api_v3_business_search&utm_source=hnFUw3NBo1Aiff5RjJN46g,['Mexican'],Mexican
TY0mpk8vZyxZCwMW-vyvqA,LongHorn Steakhouse,2.3,41,,(432) 272-8095,31.89730572,-102.31736083,Odessa,TX,79762,"6101 E Hwy 191 Odessa, TX 79762","Steakhouses,American,Barbeque",https://www.yelp.com/biz/longhorn-steakhouse-odessa?adjust_creative=hnFUw3NBo1Aiff5RjJN46g&utm_campaign=yelp_api_v3&utm_medium=api_v3_business_search&utm_source=hnFUw3NBo1Aiff5RjJN46g,"['Steakhouses', 'American', 'Barbeque']",Steakhouses
hsQDflIDu768_tD3pKOWEA,Jaby Gaby,4.6,9,,(432) 337-2876,31.8549303,-102.3939272,Odessa,TX,79763,"1803 N County Rd W Odessa, TX 79763","Breakfast & Brunch,Burgers",https://www.yelp.com/biz/jaby-gaby-odessa?adjust_creative=hnFUw3NBo1Aiff5RjJN46g&utm_campaign=yelp_api_v3&utm_medium=api_v3_business_search&utm_source=hnFUw3NBo1Aiff5RjJN46g,"['Breakfast & Brunch', 'Burgers']",Breakfast & Brunch
Tb9lf1KT8YrApK1xzhERZw,Smokey's West Texas BBQ,3.6,9,$$,(432) 272-1986,31.8562794,-102.3581924,Odessa,TX,79761,"1306 E 7th St Odessa, TX 79761",Barbeque,https://www.yelp.com/biz/smokeys-west-texas-bbq-odessa?adjust_creative=hnFUw3NBo1Aiff5RjJN46g&utm_campaign=yelp_api_v3&utm_medium=api_v3_business_search&utm_source=hnFUw3NBo1Aiff5RjJN46g,['Barbeque'],Barbeque
AWOB9Cpyh5xL8HUtmBNldA,Veva's Cocina,4.1,26,,(432) 934-0430,31.91531801021529,-102.28703640858056,Odessa,TX,79765,"4020 Faudree Rd Ste C Odessa, TX 79765",Mexican,https://www.yelp.com/biz/vevas-cocina-odessa?adjust_creative=hnFUw3NBo1Aiff5RjJN46g&utm_campaign=yelp_api_v3&utm_medium=api_v3_business_search&utm_source=hnFUw3NBo1Aiff5RjJN46g,['Mexican'],Mexican
VEqKBN_6gRAsjcjF_BtRVQ,China-Mex,3.0,46,$$,(432) 337-2600,31.85669891727823,-102.37573217050632,Odessa,TX,79761,"1401 N Grant Ave Odessa, TX 79761",Chinese,https://www.yelp.com/biz/china-mex-odessa?adjust_creative=hnFUw3NBo1Aiff5RjJN46g&utm_campaign=yelp_api_v3&utm_medium=api_v3_business_search&utm_source=hnFUw3NBo1Aiff5RjJN46g,['Chinese'],Chinese
3qLETZTao8plnSCF4Zf2cQ,Jaliscos,2.8,13,$$,(432) 552-0114,31.874607,-102.346724,Odessa,TX,79761,"2604 N Grandview Ave Odessa, TX 79761",Mexican,https://www.yelp.com/biz/jaliscos-odessa?adjust_creative=hnFUw3NBo1Aiff5RjJN46g&utm_campaign=yelp_api_v3&utm_medium=api_v3_business_search&utm_source=hnFUw3NBo1Aiff5RjJN46g,['Mexican'],Mexican
JUJAT4epjJHTbQZvA_4ncQ,Rockin' Q Smokehouse,3.1,56,$$,(432) 552-7105,31.892201,-102.351551,Odessa,TX,79762,"3812 Penbrook St Odessa, TX 79762","Barbeque,Smokehouse,Salad",https://www.yelp.com/biz/rockin-q-smokehouse-odessa?adjust_creative=hnFUw3NBo1Aiff5RjJN46g&utm_campaign=yelp_api_v3&utm_medium=api_v3_business_search&utm_source=hnFUw3NBo1Aiff5RjJN46g,"['Barbeque', 'Smokehouse', 'Salad']",Barbeque
MTxh3qC1d0uEuWH7bsU0jQ,Jimmy's Egg,3.9,7,,(432) 614-0500,31.8919193,-102.34416403343972,Odessa,TX,79762,"4015 E 42nd St Odessa, TX 79762","Breakfast & Brunch,Burgers,Sandwiches",https://www.yelp.com/biz/jimmys-egg-odessa?adjust_creative=hnFUw3NBo1Aiff5RjJN46g&utm_campaign=yelp_api_v3&utm_medium=api_v3_business_search&utm_source=hnFUw3NBo1Aiff5RjJN46g,"['Breakfast & Brunch', 'Burgers', 'Sandwiches']",Breakfast & Brunch
ywqeZf914SxGUgxy9qwoVQ,La Cubanita,2.9,13,,(432) 276-5201,31.83479,-102.36289,Odessa,TX,79761,"300 W Clements st Odessa, TX 79761","Cuban,Coffee & Tea,Sandwiches",https://www.yelp.com/biz/la-cubanita-odessa?adjust_creative=hnFUw3NBo1Aiff5RjJN46g&utm_campaign=yelp_api_v3&utm_medium=api_v3_business_search&utm_source=hnFUw3NBo1Aiff5RjJN46g,"['Cuban', 'Coffee & Tea', 'Sandwiches']",Cuban
XubcaH_-mHRWb6aIZ6xP8g,Dirty Grinders,0.0,0,,(713) 826-2382,31.94884,-102.39737,Odessa,TX,79765,"8918 Lamar Ave Odessa, TX 79765","Food Trucks,Sandwiches",https://www.yelp.com/biz/dirty-grinders-odessa?adjust_creative=hnFUw3NBo1Aiff5RjJN46g&utm_campaign=yelp_api_v3&utm_medium=api_v3_business_search&utm_source=hnFUw3NBo1Aiff5RjJN46g,"['Food Trucks', 'Sandwiches']",Food Trucks
yByDOWnxCkbkSyttTa4kcQ,Rustic Café,2.8,19,,(432) 368-6401,31.94145415655789,-102.37230044111725,Odessa,TX,79765,"1931 87th St Odessa, TX 79765","American,Breakfast & Brunch,Waffles",https://www.yelp.com/biz/rustic-cafe-odessa?adjust_creative=hnFUw3NBo1Aiff5RjJN46g&utm_campaign=yelp_api_v3&utm_medium=api_v3_business_search&utm_source=hnFUw3NBo1Aiff5RjJN46g,"['American', 'Breakfast & Brunch', 'Waffles']",American
bol1QGTBILGzIwxnFCp22g,Ajuua's Mexican Restaurant,2.8,72,$$,(432) 580-0497,31.863435238121387,-102.37842328948004,Odessa,TX,79761,"2100 Andrews Hwy Odessa, TX 79761","Mexican,Seafood",https://www.yelp.com/biz/ajuuas-mexican-restaurant-odessa?adjust_creative=hnFUw3NBo1Aiff5RjJN46g&utm_campaign=yelp_api_v3&utm_medium=api_v3_business_search&utm_source=hnFUw3NBo1Aiff5RjJN46g,"['Mexican', 'Seafood']",Mexican
85I47SonVrrWzcLdyS0ehg,Jack Jordan's Bar-B-Q,3.2,42,$$,(432) 362-7890,31.876175351823,-102.32903657505,Odessa,TX,79761,"1501 John Ben Sheppard Pkwy Odessa, TX 79761","Barbeque,Sandwiches,Breakfast & Brunch",https://www.yelp.com/biz/jack-jordans-bar-b-q-odessa-2?adjust_creative=hnFUw3NBo1Aiff5RjJN46g&utm_campaign=yelp_api_v3&utm_medium=api_v3_business_search&utm_source=hnFUw3NBo1Aiff5RjJN46g,"['Barbeque', 'Sandwiches', 'Breakfast & Brunch']",Barbeque
pmXIhD6OGZExY1cOFk-TUg,Chili's,2.2,106,$$,(432) 550-3996,31.89437,-102.33181,Odessa,TX,79762,"5025 E 42nd St Odessa, TX 79762","American,Bars,Tex-Mex",https://www.yelp.com/biz/chilis-odessa-4?adjust_creative=hnFUw3NBo1Aiff5RjJN46g&utm_campaign=yelp_api_v3&utm_medium=api_v3_business_search&utm_source=hnFUw3NBo1Aiff5RjJN46g,"['American', 'Bars', 'Tex-Mex']",American
Yg5Pa1b1mqMjliNAgX-6Bg,Watt's Burger No 1,3.6,30,$,(432) 337-2131,31.83523,-102.3604299,Odessa,TX,79761,"1208 S Grant Ave Odessa, TX 79761",Burgers,https://www.yelp.com/biz/watts-burger-no-1-odessa?adjust_creative=hnFUw3NBo1Aiff5RjJN46g&utm_campaign=yelp_api_v3&utm_medium=api_v3_business_search&utm_source=hnFUw3NBo1Aiff5RjJN46g,['Burgers'],Burgers
OhLZVPkvUYtQssmqECeusw,Olive Garden Italian Restaurant,2.4,82,$$,(432) 362-0543,31.89480929,-102.33012873,Odessa,TX,79762,"5111 E 42nd St Odessa, TX 79762","Italian,Salad,Soup",https://www.yelp.com/biz/olive-garden-italian-restaurant-odessa-3?adjust_creative=hnFUw3NBo1Aiff5RjJN46g&utm_campaign=yelp_api_v3&utm_medium=api_v3_business_search&utm_source=hnFUw3NBo1Aiff5RjJN46g,"['Italian', 'Salad', 'Soup']",Italian
cW-GcVPzXnJhQkuEYvLRNw,Hacienda Vieja,2.8,55,$$,(432) 332-3799,31.8591079711914,-102.377998352051,Odessa,TX,79761,"1701 N Grant Odessa, TX 79761",Mexican,https://www.yelp.com/biz/hacienda-vieja-odessa?adjust_creative=hnFUw3NBo1Aiff5RjJN46g&utm_campaign=yelp_api_v3&utm_medium=api_v3_business_search&utm_source=hnFUw3NBo1Aiff5RjJN46g,['Mexican'],Mexican
7cnJMmi8GJdYzdN0p-F6mA,Buffet King,2.8,54,$,(432) 362-8888,31.897476,-102.338061,Odessa,TX,79762,"4101 E 42nd Odessa, TX 79762","Chinese,Buffets,Sushi Bars",https://www.yelp.com/biz/buffet-king-odessa?adjust_creative=hnFUw3NBo1Aiff5RjJN46g&utm_campaign=yelp_api_v3&utm_medium=api_v3_business_search&utm_source=hnFUw3NBo1Aiff5RjJN46g,"['Chinese', 'Buffets', 'Sushi Bars']",Chinese
0qAxUvLhohdK7dWDqyx4xA,Gerardo's Restaurant,4.2,12,,(432) 333-5169,31.84968,-102.37949,Odessa,TX,79761,"1001 Golder Ave Odessa, TX 79761",Mexican,https://www.yelp.com/biz/gerardos-restaurant-odessa?adjust_creative=hnFUw3NBo1Aiff5RjJN46g&utm_campaign=yelp_api_v3&utm_medium=api_v3_business_search&utm_source=hnFUw3NBo1Aiff5RjJN46g,['Mexican'],Mexican
ysWvYlT62KPx8PChP-PsqQ,DOS Compadres,3.2,53,$$,(432) 550-0691,31.890285,-102.334316,Odessa,TX,79762,"4019 John Ben Shpprd Pkwy Odessa, TX 79762",Mexican,https://www.yelp.com/biz/dos-compadres-odessa?adjust_creative=hnFUw3NBo1Aiff5RjJN46g&utm_campaign=yelp_api_v3&utm_medium=api_v3_business_search&utm_source=hnFUw3NBo1Aiff5RjJN46g,['Mexican'],Mexican
f6gamwfaf2rOOJgYhv5AGg,La Toreada Taco House,3.4,16,$,(432) 276-5144,31.86777,-102.38433,Odessa,TX,79764,"308 W University Blvd Odessa, TX 79764",Mexican,https://www.yelp.com/biz/la-toreada-taco-house-odessa?adjust_creative=hnFUw3NBo1Aiff5RjJN46g&utm_campaign=yelp_api_v3&utm_medium=api_v3_business_search&utm_source=hnFUw3NBo1Aiff5RjJN46g,['Mexican'],Mexican
yfb1GyuOAcsQT5bsvDrHFw,Twisters Tacos,3.6,15,$,(432) 363-1701,31.8764591217041,-102.383377075195,Odessa,TX,79762,"3601 Andrews Hwy Odessa, TX 79762",Mexican,https://www.yelp.com/biz/twisters-tacos-odessa?adjust_creative=hnFUw3NBo1Aiff5RjJN46g&utm_campaign=yelp_api_v3&utm_medium=api_v3_business_search&utm_source=hnFUw3NBo1Aiff5RjJN46g,['Mexican'],Mexican
FsTYZefEmTqrGLR-BNnDlA,Abuelas Kitchen,2.8,11,,(432) 272-0397,31.863105953051623,-102.3470547237428,Odessa,TX,79761,"947 N Grandview Ave Odessa, TX 79761",Mexican,https://www.yelp.com/biz/abuelas-kitchen-odessa?adjust_creative=hnFUw3NBo1Aiff5RjJN46g&utm_campaign=yelp_api_v3&utm_medium=api_v3_business_search&utm_source=hnFUw3NBo1Aiff5RjJN46g,['Mexican'],Mexican
8GggSn04c__IfWJ8JcuZ3A,Pojos 24 Hour Restaurant,2.7,20,$$,(432) 333-2031,31.86652,-102.393124,Odessa,TX,79764,"2880 Kermit Hwy Odessa, TX 79764","American,Comfort Food,Breakfast & Brunch",https://www.yelp.com/biz/pojos-24-hour-restaurant-odessa?adjust_creative=hnFUw3NBo1Aiff5RjJN46g&utm_campaign=yelp_api_v3&utm_medium=api_v3_business_search&utm_source=hnFUw3NBo1Aiff5RjJN46g,"['American', 'Comfort Food', 'Breakfast & Brunch']",American
IJKJHTWqxuuRV_BosDDL-Q,Delicias Restaurant,3.6,43,$,(432) 580-8306,31.8477129936218,-102.378133758903,Odessa,TX,79763,"716 W 8th St Odessa, TX 79763",Mexican,https://www.yelp.com/biz/delicias-restaurant-odessa?adjust_creative=hnFUw3NBo1Aiff5RjJN46g&utm_campaign=yelp_api_v3&utm_medium=api_v3_business_search&utm_source=hnFUw3NBo1Aiff5RjJN46g,['Mexican'],Mexican
0wAOGJLlm7W63G46L2kp8Q,Dairy Queen,2.1,19,$,(432) 363-0705,31.87793,-102.34858,Odessa,TX,79762,"2761 N Grandview Odessa, TX 79762","Ice Cream & Frozen Yogurt,Burgers,Fast Food",https://www.yelp.com/biz/dairy-queen-odessa-7?adjust_creative=hnFUw3NBo1Aiff5RjJN46g&utm_campaign=yelp_api_v3&utm_medium=api_v3_business_search&utm_source=hnFUw3NBo1Aiff5RjJN46g,"['Ice Cream & Frozen Yogurt', 'Burgers', 'Fast Food']",Ice Cream & Frozen Yogurt
NiFLGeR-fA7IA7Pn2Q5hhA,El Buen Pollo,4.3,4,,(432) 332-4646,31.86273,-102.40908,Odessa,TX,79764,"2402 W University Blvd Odessa, TX 79764","Chicken Shop,Mexican",https://www.yelp.com/biz/el-buen-pollo-odessa?adjust_creative=hnFUw3NBo1Aiff5RjJN46g&utm_campaign=yelp_api_v3&utm_medium=api_v3_business_search&utm_source=hnFUw3NBo1Aiff5RjJN46g,"['Chicken Shop', 'Mexican']",Chicken Shop
xNia7Dd3dG_Rw-m0XZHrWw,Mr Bar B Q,5.0,1,,(432) 334-8886,31.85628,-102.3581899,Odessa,TX,79761,"1306 E 7th St Odessa, TX 79761",Barbeque,https://www.yelp.com/biz/mr-bar-b-q-odessa?adjust_creative=hnFUw3NBo1Aiff5RjJN46g&utm_campaign=yelp_api_v3&utm_medium=api_v3_business_search&utm_source=hnFUw3NBo1Aiff5RjJN46g,['Barbeque'],Barbeque
zPvGi7HW2iNsTRrdOH3-Rw,El Rancho Supermercado,3.9,9,$$,(432) 332-6200,31.85958,-102.356425,Odessa,TX,79761,"1315 E 8th St Odessa, TX 79761","International Grocery,Meat Shops,Mexican",https://www.yelp.com/biz/el-rancho-supermercado-odessa?adjust_creative=hnFUw3NBo1Aiff5RjJN46g&utm_campaign=yelp_api_v3&utm_medium=api_v3_business_search&utm_source=hnFUw3NBo1Aiff5RjJN46g,"['International Grocery', 'Meat Shops', 'Mexican']",International Grocery
_dTyaSt84zzKtDj7OtnU9w,Texas Burger,3.6,19,$,(432) 561-5633,31.9174167237314,-102.292188629586,Odessa,TX,79765,"7850 E Hwy 191 Odessa, TX 79765","Burgers,Ice Cream & Frozen Yogurt,Sandwiches",https://www.yelp.com/biz/texas-burger-odessa-4?adjust_creative=hnFUw3NBo1Aiff5RjJN46g&utm_campaign=yelp_api_v3&utm_medium=api_v3_business_search&utm_source=hnFUw3NBo1Aiff5RjJN46g,"['Burgers', 'Ice Cream & Frozen Yogurt', 'Sandwiches']",Burgers
LD5aJTWvMKid_h66jI91sQ,Red Lobster,2.5,111,$$,(432) 367-8926,31.87885710339292,-102.330045,Odessa,TX,79762,"4536 E University Blvd Odessa, TX 79762","Seafood,American",https://www.yelp.com/biz/red-lobster-odessa?adjust_creative=hnFUw3NBo1Aiff5RjJN46g&utm_campaign=yelp_api_v3&utm_medium=api_v3_business_search&utm_source=hnFUw3NBo1Aiff5RjJN46g,"['Seafood', 'American']",Seafood
T_eDuiFrQ8Rv3iqUP7YP6Q,Los Alamos Restaruant,5.0,1,,(432) 334-7866,31.855806,-102.37532,Odessa,TX,79761,"1307 North Grant Ave Odessa, TX 79761",Mexican,https://www.yelp.com/biz/los-alamos-restaruant-odessa-2?adjust_creative=hnFUw3NBo1Aiff5RjJN46g&utm_campaign=yelp_api_v3&utm_medium=api_v3_business_search&utm_source=hnFUw3NBo1Aiff5RjJN46g,['Mexican'],Mexican
K9IwPCvmtTpiMJhnM59Z-A,Super Pollo - Billy Hext Rd,3.0,21,,(432) 296-4746,31.904800359495983,-102.30297313062655,Odessa,TX,79765,"4101 Billy Hext Rd Odessa, TX 79765","Chicken Shop,Mexican,Fast Food",https://www.yelp.com/biz/super-pollo-billy-hext-rd-odessa?adjust_creative=hnFUw3NBo1Aiff5RjJN46g&utm_campaign=yelp_api_v3&utm_medium=api_v3_business_search&utm_source=hnFUw3NBo1Aiff5RjJN46g,"['Chicken Shop', 'Mexican', 'Fast Food']",Chicken Shop
1T8PFVqxrNBO8my4OGMj3Q,Market Street,3.9,24,$$,(432) 367-4976,31.8919,-102.3346,Odessa,TX,79762,"4950 E 42nd St Odessa, TX 79762","Grocery,Bakeries,Delis",https://www.yelp.com/biz/market-street-odessa?adjust_creative=hnFUw3NBo1Aiff5RjJN46g&utm_campaign=yelp_api_v3&utm_medium=api_v3_business_search&utm_source=hnFUw3NBo1Aiff5RjJN46g,"['Grocery', 'Bakeries', 'Delis']",Grocery
Td4KbdVJQ-JyoYbFAfYYBg,Betty's Pupusas y Mas,5.0,1,,(432) 310-7956,31.890755483439435,-102.38791203684929,Odessa,TX,79762,"4927 Andrews Hwy Odessa, TX 79762",Salvadoran,https://www.yelp.com/biz/bettys-pupusas-y-mas-odessa?adjust_creative=hnFUw3NBo1Aiff5RjJN46g&utm_campaign=yelp_api_v3&utm_medium=api_v3_business_search&utm_source=hnFUw3NBo1Aiff5RjJN46g,['Salvadoran'],Salvadoran
llhBgZk9ovcPyJCvlyJTxg,Johnny's Barbecue,3.2,31,$$,(432) 332-8941,31.86294,-102.38403,Odessa,TX,79761,"2201 Kermit Hwy Odessa, TX 79761",Barbeque,https://www.yelp.com/biz/johnnys-barbecue-odessa?adjust_creative=hnFUw3NBo1Aiff5RjJN46g&utm_campaign=yelp_api_v3&utm_medium=api_v3_business_search&utm_source=hnFUw3NBo1Aiff5RjJN46g,['Barbeque'],Barbeque
obQbPfdkLVYcVLaVhCzcdg,Mr Gatti's Pizza,1.9,12,$,(432) 368-4488,31.877565432310348,-102.34666822786389,Odessa,TX,79762,"2750 N Grandview Ave Odessa, TX 79762","Arcades,Pizza",https://www.yelp.com/biz/mr-gattis-pizza-odessa?adjust_creative=hnFUw3NBo1Aiff5RjJN46g&utm_campaign=yelp_api_v3&utm_medium=api_v3_business_search&utm_source=hnFUw3NBo1Aiff5RjJN46g,"['Arcades', 'Pizza']",Arcades
juoIg0l4Pkkm-n2sMjnPwQ,Firehouse Subs,3.9,27,$,(432) 614-6477,31.898092,-102.31650000372328,Odessa,TX,79762,"6123 E Highway 191 Odessa, TX 79762","Fast Food,Delis,Sandwiches",https://www.yelp.com/biz/firehouse-subs-odessa?adjust_creative=hnFUw3NBo1Aiff5RjJN46g&utm_campaign=yelp_api_v3&utm_medium=api_v3_business_search&utm_source=hnFUw3NBo1Aiff5RjJN46g,"['Fast Food', 'Delis', 'Sandwiches']",Fast Food
Vx4k-ClvlkAseFcNn3LOyA,Osaka Japanese Steakhouse - Faudree,2.6,110,$$,(432) 296-4324,31.915083,-102.28732,Odessa,TX,79765,"4020 Faudree Rd Odessa, TX 79765","Japanese,Steakhouses,Seafood",https://www.yelp.com/biz/osaka-japanese-steakhouse-odessa?adjust_creative=hnFUw3NBo1Aiff5RjJN46g&utm_campaign=yelp_api_v3&utm_medium=api_v3_business_search&utm_source=hnFUw3NBo1Aiff5RjJN46g,"['Japanese', 'Steakhouses', 'Seafood']",Japanese
vjrpSyTJHkoPVoUl2l8-dA,El Taco Loco Birrieria,3.9,20,,(432) 287-6903,31.8548928,-102.4480219,Odessa,TX,79764,"2745 FM 1936 Odessa, TX 79764","Tacos,Food Trucks",https://www.yelp.com/biz/el-taco-loco-birrieria-odessa?adjust_creative=hnFUw3NBo1Aiff5RjJN46g&utm_campaign=yelp_api_v3&utm_medium=api_v3_business_search&utm_source=hnFUw3NBo1Aiff5RjJN46g,"['Tacos', 'Food Trucks']",Tacos
kTLpzt9jjvZa_pZBUFDHJA,Texas Steak Express - Odessa,1.8,53,$$,(432) 366-5050,31.87148,-102.38089,Odessa,TX,79762,"2900 Andrews Hwy Odessa, TX 79762","Steakhouses,Burgers,Sandwiches",https://www.yelp.com/biz/texas-steak-express-odessa-odessa-2?adjust_creative=hnFUw3NBo1Aiff5RjJN46g&utm_campaign=yelp_api_v3&utm_medium=api_v3_business_search&utm_source=hnFUw3NBo1Aiff5RjJN46g,"['Steakhouses', 'Burgers', 'Sandwiches']",Steakhouses
pIuaSoGdBNeSUlPX4111ew,Taco Villa,3.2,35,$,(432) 362-2528,31.88884626263473,-102.3520622,Odessa,TX,79762,"2120 E 42nd St Odessa, TX 79762",Mexican,https://www.yelp.com/biz/taco-villa-odessa-2?adjust_creative=hnFUw3NBo1Aiff5RjJN46g&utm_campaign=yelp_api_v3&utm_medium=api_v3_business_search&utm_source=hnFUw3NBo1Aiff5RjJN46g,['Mexican'],Mexican
Gy7QlcHkdWrxS8ca_BSrsw,Taco 16th Street,5.0,2,,(432) 653-4913,31.87896,-102.3843,Odessa,TX,79762,"3747 Andrews Hwy Odessa, TX 79762",Mexican,https://www.yelp.com/biz/taco-16th-street-odessa?adjust_creative=hnFUw3NBo1Aiff5RjJN46g&utm_campaign=yelp_api_v3&utm_medium=api_v3_business_search&utm_source=hnFUw3NBo1Aiff5RjJN46g,['Mexican'],Mexican
0cMzQ05sre_6CSGP7uL62A,Jaliscos Cafe on West County Road,4.2,14,$$,,31.8429489135742,-102.390228271484,Odessa,TX,79763,"901 W County Rd N Odessa, TX 79763",Mexican,https://www.yelp.com/biz/jaliscos-cafe-on-west-county-road-odessa?adjust_creative=hnFUw3NBo1Aiff5RjJN46g&utm_campaign=yelp_api_v3&utm_medium=api_v3_business_search&utm_source=hnFUw3NBo1Aiff5RjJN46g,['Mexican'],Mexican
